ProductID,Description,Brand,DiscardFrequency
23843,"PAPER CRAFT , LITTLE BIRDIE",PAPER,80995
79323W,"Unsaleable, destroyed.","Unsaleable,",4830
23270,incorrect stock entry.,incorrect,2880
79323LP,"Unsaleable, destroyed.","Unsaleable,",2618
20971,PINK BLUE FELT CRAFT TRINKET BOX,PINK,2592
79323P,"Unsaleable, destroyed.","Unsaleable,",2003
79323B,"Unsaleable, destroyed.","Unsaleable,",1671
85036C,damages wax,damages,1560
16008,check,check,1510
22273,FELTCRAFT DOLL MOLLY,FELTCRAFT,1443
23268,Incorrect stock entry.,Incorrect,1440
23269,incorrect stock entry.,incorrect,1440
15034,PAPER POCKET TRAVELING FAN ,PAPER,1344
85036B,damages wax,damages,1284
M,Manual,Manual,1223
79323GR,"Unsaleable, destroyed.","Unsaleable,",1158
21135,wet rusty,wet,1152
85204,lost??,lost??,1131
79342B,"Unsaleable, destroyed.","Unsaleable,",1128
22578,lost,lost,1050
23343,wrongly coded 20713,wrongly,1000
23113,PANTRY CHOPPING BOARD,PANTRY,946
79341,"Unsaleable, destroyed.","Unsaleable,",905
16045,check,check,900
85099B,JUMBO BAG RED RETROSPOT,JUMBO,855
22147,FELTCRAFT BUTTERFLY HEARTS,FELTCRAFT,843
85078,missing,missing,840
20713,wrongly coded-23343,wrongly,800
40016,?,?,752
22102,MIRROR MOSAIC T-LIGHT HOLDER ,MIRROR,720
72807B,wet pallet,wet,696
79323S,"Unsaleable, destroyed.","Unsaleable,",674
79323G,"Unsaleable, destroyed.","Unsaleable,",657
22030,??,??,635
22149,FELTCRAFT 6 FLOWER FRIENDS,FELTCRAFT,602
23056,FLOWERS CHANDELIER T-LIGHT HOLDER,FLOWERS,577
22219,???lost,???lost,550
72802C,VANILLA SCENT CANDLE JEWELLED BOX,VANILLA,505
72807A,wet pallet,wet,504
22103,MIRROR MOSAIC T-LIGHT HOLDER ROUND,MIRROR,468
82600,historic computer difference?....se,historic,458
23057,BEADED CHANDELIER T-LIGHT HOLDER,BEADED,432
23055,IVORY CHANDELIER T-LIGHT HOLDER,IVORY,432
35954,counted,counted,430
72807C,???missing,???missing,428
22386,JUMBO BAG PINK POLKADOT,JUMBO,413
72807C,wet pallet,wet,408
23199,JUMBO BAG APPLES,JUMBO,403
22197,POPCORN HOLDER,POPCORN,403
23343,20713,20713,400
23055,rusty thrown away,rusty,398
72802B,OCEAN SCENT CANDLE IN JEWELLED BOX,OCEAN,398
22835,HOT WATER BOTTLE I AM SO POORLY,HOT,390
21201,???,???,390
21830,OOPS ! adjustment,OOPS,384
90057,crushed boxes,crushed,380
84596G,??,??,365
21787,RAIN PONCHO RETROSPOT,RAIN,360
23203,JUMBO BAG VINTAGE DOILY ,JUMBO,357
85104,????damages????,????damages????,355
23090,missing,missing,338
21688,mixed up,mixed,337
22572,??,??,335
22759,check,check,327
22101,MIRROR MOSAIC VOTIVE HOLDER,MIRROR,324
21931,JUMBO STORAGE BAG SUKI,JUMBO,317
16169E,check,check,313
72802A,Wet pallet-thrown away,Wet,306
22961,JAM MAKING SET PRINTED,JAM,300
22577,check,check,300
22959,WRAP CHRISTMAS VILLAGE,WRAP,300
22568,FELTCRAFT CUSHION OWL,FELTCRAFT,292
72802B,check,check,290
22991,GIRAFFE WOODEN RULER,GIRAFFE,290
21135,VICTORIAN  METAL POSTCARD SPRING,VICTORIAN,288
20969,RED FLORAL FELTCRAFT SHOULDER BAG,RED,288
84598,BOYS ALPHABET IRON ON PATCHES,BOYS,288
18097C,WHITE TALL PORCELAIN T-LIGHT HOLDER,WHITE,288
22481,wet boxes,wet,288
22071,SMALL WHITE RETROSPOT MUG IN BOX ,SMALL,283
23057,rusty throw away,rusty,280
22086,PAPER CHAIN KIT 50'S CHRISTMAS ,PAPER,280
22992,REVOLVER WOODEN RULER ,REVOLVER,279
22070,SMALL RED RETROSPOT MUG IN BOX ,SMALL,271
22812,?,?,270
21591,check,check,267
23344,JUMBO BAG 50'S CHRISTMAS ,JUMBO,262
22804,Wrongly mrked had 85123a in box,Wrongly,256
85123A,wrongly marked carton 22804,wrongly,256
23343,JUMBO BAG VINTAGE CHRISTMAS ,JUMBO,251
85199L,?,?,250
22313,OFFICE MUG WARMER PINK,OFFICE,250
85099F,JUMBO BAG STRAWBERRY,JUMBO,243
21928,JUMBO BAG SCANDINAVIAN BLUE PAISLEY,JUMBO,243
22356,CHARLOTTE BAG PINK POLKADOT,CHARLOTTE,243
22105,MIRROR MOSAIC GOBLET CANDLE HOLDER,MIRROR,240
21811,check,check,240
40001,check,check,240
22570,FELTCRAFT CUSHION RABBIT,FELTCRAFT,240
22411,JUMBO SHOPPER VINTAGE RED PAISLEY,JUMBO,238
23201,JUMBO BAG ALPHABET,JUMBO,237
85099C,JUMBO  BAG BAROQUE BLACK WHITE,JUMBO,236
23169,smashed,smashed,235
21098,damages?,damages?,231
23202,JUMBO BAG VINTAGE LEAF,JUMBO,230
21843,RED RETROSPOT CAKE STAND,RED,229
21499,BLUE POLKADOT WRAP,BLUE,225
72807A,???missing,???missing,224
23284,DOORMAT KEEP CALM AND COME IN,DOORMAT,224
82494L,WOODEN FRAME ANTIQUE WHITE ,WOODEN,223
20711,check,check,220
20725,LUNCH BAG RED RETROSPOT,LUNCH,214
23056,rusty throw away,rusty,210
21786,check,check,209
21212,PACK OF 72 RETROSPOT CAKE CASES,PACK,204
20712,JUMBO BAG WOODLAND ANIMALS,JUMBO,202
23343,20713 wrongly marked,20713,200
20724,RED RETROSPOT CHARLOTTE BAG,RED,198
22699,ROSES REGENCY TEACUP AND SAUCER ,ROSES,195
51014C,"FEATHER PEN,COAL BLACK",FEATHER,194
22569,FELTCRAFT CUSHION BUTTERFLY,FELTCRAFT,192
21090,WET/MOULDY,WET/MOULDY,192
22178,VICTORIAN GLASS HANGING T-LIGHT,VICTORIAN,187
23205,CHARLOTTE BAG VINTAGE ALPHABET ,CHARLOTTE,187
23207,LUNCH BAG ALPHABET DESIGN,LUNCH,185
37479P,??,??,184
20974,12 PENCILS SMALL TUBE SKULL,12,184
84946,ANTIQUE SILVER T-LIGHT GLASS,ANTIQUE,182
85036C,ROSE 1 WICK MORRIS BOXED CANDLE,ROSE,181
22152,check,check,179
23204,CHARLOTTE BAG APPLES DESIGN,CHARLOTTE,177
22959,check,check,175
20728,LUNCH BAG CARS BLUE,LUNCH,171
22568,?? missing,??,170
22027,TEA PARTY BIRTHDAY CARD,TEA,168
22423,REGENCY CAKESTAND 3 TIER,REGENCY,166
22804,PINK HANGING HEART T-LIGHT HOLDER,PINK,164
21192,check,check,164
72803A,damages,damages,160
22217,damages?,damages?,155
23004,TRAVEL CARD WALLET PANTRY,TRAVEL,154
82482,WOODEN PICTURE FRAME WHITE FINISH,WOODEN,153
84859C,wet?,wet?,153
20956,check,check,152
22924,FRIDGE MAGNETS LA VIE EN ROSE,FRIDGE,151
22923,FRIDGE MAGNETS LES ENFANTS ASSORTED,FRIDGE,150
72807C,damages,damages,149
84991,60 TEATIME FAIRY CAKE CASES,60,145
85172,check,check,145
22382,LUNCH BAG SPACEBOY DESIGN ,LUNCH,145
20856,??,??,140
21642,check,check,138
22383,LUNCH BAG SUKI DESIGN ,LUNCH,136
21810,check,check,135
22922,FRIDGE MAGNETS US DINER ASSORTED,FRIDGE,132
37327,damages,damages,131
22384,LUNCH BAG PINK POLKADOT,LUNCH,131
22738,RIBBON REEL SNOWY VILLAGE,RIBBON,130
82582,??,??,130
84992,72 SWEETHEART FAIRY CAKE CASES,72,130
22575,missing?,missing?,130
21818,check,check,130
47566,PARTY BUNTING,PARTY,128
22355,CHARLOTTE BAG SUKI DESIGN,CHARLOTTE,128
72807C,SET/3 VANILLA SCENTED CANDLE IN BOX,SET/3,127
22522,check,check,126
22449,can't find,can't,125
16169E,WRAP 50'S  CHRISTMAS,WRAP,125
72807B,????missing,????missing,124
23200,JUMBO BAG PEARS,JUMBO,124
23581,JUMBO BAG PAISLEY PARK,JUMBO,122
22492,MINI PAINT SET VINTAGE ,MINI,122
23582,VINTAGE DOILY JUMBO BAG RED ,VINTAGE,121
20700,?,?,121
22112,CHOCOLATE HOT WATER BOTTLE,CHOCOLATE,121
22536,MAGIC DRAWING SLATE PURDEY,MAGIC,120
22106,MIRROR MOSAIC HURRICANE LAMP ,MIRROR,120
85111,check,check,117
23319,BOX OF 6 MINI 50'S CRACKERS,BOX,116
22910,PAPER CHAIN KIT VINTAGE CHRISTMAS,PAPER,115
22469,HEART OF WICKER SMALL,HEART,114
21539,damages?,damages?,111
22652,check,check,111
85231G,check,check,110
21671,RED SPOT CERAMIC DRAWER KNOB,RED,110
22866,HAND WARMER SCOTTY DOG DESIGN,HAND,109
16054,POPART RECT PENCIL SHARPENER ASST,POPART,108
22571,ROCKING HORSE RED CHRISTMAS ,ROCKING,108
22385,JUMBO BAG SPACEBOY DESIGN,JUMBO,107
84279P,check,check,104
21824,check,check,103
21929,JUMBO BAG PINK VINTAGE PAISLEY,JUMBO,102
84801A,check,check,102
72807B,damages,damages,101
22666,RECIPE BOX PANTRY YELLOW DESIGN,RECIPE,100
22049,damaged,damaged,100
22389,PAPERWEIGHT SAVE THE PLANET,PAPERWEIGHT,100
22173,METAL 4 HOOK HANGER FRENCH CHATEAU,METAL,99
20711,lost in space,lost,98
23250,VINTAGE RED TRIM ENAMEL BOWL ,VINTAGE,97
21642,ASSORTED TUTTI FRUTTI PEN,ASSORTED,96
22818,CARD CHRISTMAS VILLAGE,CARD,96
23351,ROLL WRAP 50'S CHRISTMAS,ROLL,96
22960,JAM MAKING SET WITH JARS,JAM,95
21619,check,check,94
21823,check,check,94
22181,check,check,92
23355,HOT WATER BOTTLE KEEP CALM,HOT,91
20979,36 PENCILS TUBE RED RETROSPOT,36,91
21014,check,check,90
46000S,dotcom sales,dotcom,90
22121,?,?,90
23084,RABBIT NIGHT LIGHT,RABBIT,88
21693,mixed up,mixed,87
22998,TRAVEL CARD WALLET KEEP CALM,TRAVEL,86
22569,?,?,84
23225,CHERUB HEART DECORATION SILVER ,CHERUB,84
20727,LUNCH BAG  BLACK SKULL.,LUNCH,83
21071,check,check,82
10133,damaged,damaged,82
23243,SET OF TEA COFFEE SUGAR TINS PANTRY,SET,82
22720,SET OF 3 CAKE TINS PANTRY DESIGN ,SET,82
85034A,damaged,damaged,81
20839,damages,damages,80
21519,check,check,80
22147,check,check,80
22595,check,check,80
23256,CHILDRENS CUTLERY SPACEBOY ,CHILDRENS,79
22635,CHILDS BREAKFAST SET DOLLY GIRL ,CHILDS,78
82483,WOOD 2 DRAWER CABINET WHITE FINISH,WOOD,78
35810A,check,check,78
85136A,damages,damages,77
23071,MARIE ANTOINETTE TRINKET BOX GOLD,MARIE,76
72802C,check,check,75
71279,damages,damages,74
22114,HOT WATER BOTTLE TEA AND SYMPATHY,HOT,74
22570,?,?,74
23309,SET OF 60 I LOVE LONDON CAKE CASES ,SET,73
35970,ZINC FOLKART SLEIGH BELLS,ZINC,73
22792,damages,damages,73
23120,PACK OF 6 SMALL FRUIT STRAWS,PACK,72
22207,FRYING PAN UNION FLAG,FRYING,72
23072,MARIE ANTOINETTE TRINKET BOX SILVER,MARIE,72
23318,BOX OF 6 MINI VINTAGE CRACKERS,BOX,72
22336,damaged,damaged,71
22142,check,check,70
17012B,check,check,70
84818,damages,damages,70
23002,TRAVEL CARD WALLET SKULLS,TRAVEL,69
23298,SPOTTY BUNTING,SPOTTY,69
84949,SILVER HANGING T-LIGHT HOLDER,SILVER,68
72817,check,check,67
22637,damages,damages,65
23071,damages,damages,65
23494,VINTAGE DOILY DELUXE SEWING KIT ,VINTAGE,65
85125,check,check,64
21669,BLUE STRIPE CERAMIC DRAWER KNOB,BLUE,64
23035,check,check,64
22439,6 ROCKET BALLOONS ,6,64
21843,smashed,smashed,63
21018,damaged,damaged,63
21668,RED STRIPE CERAMIC DRAWER KNOB,RED,63
23208,LUNCH BAG VINTAGE LEAF DESIGN,LUNCH,63
22379,RECYCLING BAG RETROSPOT ,RECYCLING,63
23288,check,check,63
21314,SMALL GLASS HEART TRINKET POT,SMALL,63
22892,check,check,62
23322,LARGE WHITE HEART OF WICKER,LARGE,62
23245,SET OF 3 REGENCY CAKE TINS,SET,62
23187,check,check,62
47574A,check,check,61
23064,CINDERELLA CHANDELIER ,CINDERELLA,61
90191,??,??,60
22339,check,check,60
23032,damages,damages,60
21703,BAG 125g SWIRLY MARBLES,BAG,60
79191C,RETRO PLASTIC ELEPHANT TRAY,RETRO,60
22938,CUPCAKE LACE PAPER SET 6,CUPCAKE,60
23154,SET OF 4 JAM JAR MAGNETS,SET,60
23354,6 GIFT TAGS 50'S CHRISTMAS ,6,60
POST,POSTAGE,POSTAGE,59
22659,LUNCH BOX I LOVE LONDON,LUNCH,59
85035A,CHECK,CHECK,59
23221,REINDEER HEART DECORATION SILVER,REINDEER,58
22467,GUMBALL COAT RACK,GUMBALL,57
23348,sold with wrong barcode,sold,57
21888,check,check,57
47590B,check,check,57
84029E,RED WOOLLY HOTTIE WHITE HEART.,RED,57
23301,GARDENERS KNEELING PAD KEEP CALM ,GARDENERS,57
72807A,damages,damages,56
35648,check,check,56
23169,CLASSIC GLASS COOKIE JAR,CLASSIC,56
22667,RECIPE BOX RETROSPOT ,RECIPE,55
20893,damages,damages,55
72802C,damages,damages,54
71477,COLOURED GLASS STAR T-LIGHT HOLDER,COLOURED,54
21618,CHECK,CHECK,54
21181,check,check,54
22470,HEART OF WICKER LARGE,HEART,51
23287,RED VINTAGE SPOT BEAKER,RED,51
21167,WHITE SAGE INCENSE,WHITE,50
72802A,?,?,50
23072,damages,damages,50
21231,SWEETHEART CERAMIC TRINKET BOX,SWEETHEART,50
84969,check,check,50
20719,WOODLAND CHARLOTTE BAG,WOODLAND,50
20961,STRAWBERRY BATH SPONGE ,STRAWBERRY,50
21481,FAWN BLUE HOT WATER BOTTLE,FAWN,49
85135C,Damages,Damages,49
23131,?,?,49
16219,HOUSE SHAPE PENCIL SHARPENER,HOUSE,48
23286,BLUE VINTAGE SPOT BEAKER,BLUE,48
85230E,Damaged,Damaged,48
22155,STAR DECORATION RUSTIC,STAR,48
23267,SET OF 4 SANTA PLACE SETTINGS,SET,48
22693,GROW A FLYTRAP OR SUNFLOWER IN TIN,GROW,48
23158,SET OF 5 LUCKY CAT MAGNETS ,SET,48
84944,SET OF 6 KASHMIR FOLKART BAUBLES,SET,48
23226,FILIGREE HEART DAISY WHITE,FILIGREE,48
21213,PACK OF 72 SKULL CAKE CASES,PACK,48
22094,RED RETROSPOT TISSUE BOX,RED,48
21109,wet,wet,48
22951,60 CAKE CASES DOLLY GIRL DESIGN,60,48
23078,ICE CREAM PEN LIP GLOSS ,ICE,48
21811,HANGING HEART WITH BELL,HANGING,48
22741,FUNKY DIVA PEN,FUNKY,48
75049L,LARGE CIRCULAR MIRROR MOBILE,LARGE,47
23433,HANGING QUILTED PATCHWORK APPLES,HANGING,47
21975,PACK OF 60 DINOSAUR CAKE CASES,PACK,47
22553,PLASTERS IN TIN SKULLS,PLASTERS,47
22286,check,check,47
23307,SET OF 60 PANTRY DESIGN CAKE CASES ,SET,46
20723,STRAWBERRY CHARLOTTE BAG,STRAWBERRY,46
21232,STRAWBERRY CERAMIC TRINKET BOX,STRAWBERRY,46
20984,damaged,damaged,46
22417,PACK OF 60 SPACEBOY CAKE CASES,PACK,46
22149,check,check,46
23247,BISCUIT TIN 50'S CHRISTMAS,BISCUIT,46
90195A,check,check,45
21622,damages,damages,45
35817P,thrown away,thrown,44
22629,SPACEBOY LUNCH BOX ,SPACEBOY,44
22544,MINI JIGSAW SPACEBOY,MINI,43
23300,GARDENERS KNEELING PAD CUP OF TEA ,GARDENERS,43
84978,HANGING HEART JAR T-LIGHT HOLDER,HANGING,43
22271,check,check,43
22909,SET OF 20 VINTAGE CHRISTMAS NAPKINS,SET,43
22057,CERAMIC PLATE STRAWBERRY DESIGN,CERAMIC,42
85175,check,check,42
22128,PARTY CONES CANDY ASSORTED,PARTY,42
35923,check,check,42
84581,check,check,41
22867,HAND WARMER BIRD DESIGN,HAND,41
82486,3 DRAWER ANTIQUE WHITE WOOD CABINET,3,41
23170,REGENCY TEA PLATE ROSES ,REGENCY,41
22587,check,check,41
21479,WHITE SKULL HOT WATER BOTTLE ,WHITE,40
22579,dotcom,dotcom,40
84879,ASSORTED COLOUR BIRD ORNAMENT,ASSORTED,40
21424,damages,damages,40
23322,mouldy,mouldy,40
22737,RIBBON REEL CHRISTMAS PRESENT ,RIBBON,40
22149,damages,damages,40
21159,damaged,damaged,40
21793,check,check,40
22043,check,check,40
21673,WHITE SPOT BLUE CERAMIC DRAWER KNOB,WHITE,40
23077,DOUGHNUT LIP GLOSS ,DOUGHNUT,40
21530,DAIRY MAID TOASTRACK,DAIRY,39
22900,SET 2 TEA TOWELS I LOVE LONDON ,SET,39
84508A,check,check,39
21098,CHRISTMAS TOILET ROLL,CHRISTMAS,39
23321,SMALL WHITE HEART OF WICKER,SMALL,39
22303,COFFEE MUG APPLES DESIGN,COFFEE,39
85054,check,check,39
21803,check,check,38
21915,RED  HARMONICA IN BOX ,RED,38
23198,PANTRY MAGNETIC  SHOPPING LIST,PANTRY,38
84818,DANISH ROSE PHOTO FRAME,DANISH,38
23358,HOT STUFF HOT WATER BOTTLE,HOT,38
20652,check,check,37
21936,RED RETROSPOT PICNIC BAG,RED,37
23032,DRAWER KNOB CRACKLE GLAZE IVORY,DRAWER,37
22556,PLASTERS IN TIN CIRCUS PARADE ,PLASTERS,37
23263,SET OF 3 WOODEN HEART DECORATIONS,SET,37
22614,PACK OF 12 SPACEBOY TISSUES,PACK,37
84380,SET OF 3 BUTTERFLY COOKIE CUTTERS,SET,37
21068,VINTAGE BILLBOARD LOVE/HATE MUG,VINTAGE,37
21108,FAIRY CAKE FLANNEL ASSORTED COLOUR,FAIRY,36
22915,ASSORTED BOTTLE TOP  MAGNETS ,ASSORTED,36
22950,36 DOILIES VINTAGE CHRISTMAS,36,36
21733,RED HANGING HEART T-LIGHT HOLDER,RED,36
21801,CHRISTMAS TREE DECORATION WITH BELL,CHRISTMAS,36
85136C,damages,damages,36
47566B,TEA TIME PARTY BUNTING,TEA,36
90058B,CRYSTAL STUD EARRINGS ASSORTED COL ,CRYSTAL,36
90058A,CRYSTAL STUD EARRINGS CLEAR DISPLAY,CRYSTAL,36
85035B,check,check,36
23119,PACK OF 6 LARGE FRUIT STRAWS ,PACK,36
72586,SET OF 6 HALLOWEEN GHOST T-LIGHTS,SET,36
23380,PACK OF 12 VINTAGE DOILY TISSUES,PACK,36
22380,TOY TIDY SPACEBOY  ,TOY,35
23324,RUSTIC STRAWBERRY JAM POT LARGE ,RUSTIC,35
21394,damages,damages,35
20751,check,check,35
20685,DOORMAT RED RETROSPOT,DOORMAT,34
23347,I LOVE LONDON BEAKER,I,34
22597,MUSICAL ZINC HEART DECORATION ,MUSICAL,34
23462,damages,damages,34
23108,SET OF 10 LED DOLLY LIGHTS,SET,33
22943,check,check,33
23048,SET OF 10 LANTERNS FAIRY LIGHT STAR,SET,33
15056N,EDWARDIAN PARASOL NATURAL,EDWARDIAN,33
21166,COOK WITH WINE METAL SIGN ,COOK,32
20713,JUMBO BAG OWLS,JUMBO,32
22834,HAND WARMER BABUSHKA DESIGN,HAND,32
22781,GUMBALL MAGAZINE RACK,GUMBALL,32
90180A,stock check,stock,32
22333,RETROSPOT PARTY BAG + STICKER SET,RETROSPOT,32
21463,MIRRORED DISCO BALL ,MIRRORED,32
21627,check,check,32
23210,WHITE ROCKING HORSE HAND PAINTED,WHITE,32
23251,VINTAGE RED ENAMEL TRIM MUG ,VINTAGE,31
22111,SCOTTIE DOG HOT WATER BOTTLE,SCOTTIE,31
23412,?,?,30
23006,TRAVEL CARD WALLET FLOWER MEADOW,TRAVEL,30
22727,ALARM CLOCK BAKELIKE RED ,ALARM,30
22576,check,check,30
20840,damages,damages,30
22586,check,check,30
23118,Breakages,Breakages,30
84422,Dagamed,Dagamed,30
22025,check,check,30
21591,COSY HOUR CIGAR BOX MATCHES ,COSY,30
23293,SET OF 12 FAIRY CAKE BAKING CASES,SET,30
22041,"RECORD FRAME 7"" SINGLE SIZE ",RECORD,30
22945,CHRISTMAS METAL TAGS ASSORTED ,CHRISTMAS,30
22734,SET OF 6 RIBBONS VINTAGE CHRISTMAS,SET,30
21731,RED TOADSTOOL LED NIGHT LIGHT,RED,30
23404,HOME SWEET HOME BLACKBOARD,HOME,29
22138,BAKING SET 9 PIECE RETROSPOT ,BAKING,29
85048,15CM CHRISTMAS GLASS BALL 20 LIGHTS,15CM,29
22427,damages,damages,29
85215,Damaged,Damaged,29
84609,damages,damages,29
23275,SET OF 3 HANGING OWLS OLLIE BEAK,SET,29
21976,PACK OF 60 MUSHROOM CAKE CASES,PACK,29
22631,CIRCUS PARADE LUNCH BOX ,CIRCUS,29
90210D,check,check,28
21165,check,check,28
22775,PURPLE DRAWERKNOB ACRYLIC EDWARDIAN,PURPLE,28
21868,check,check,28
21977,PACK OF 60 PINK PAISLEY CAKE CASES,PACK,28
84817,DANISH ROSE DECORATIVE PLATE,DANISH,28
22176,check,check,28
23206,LUNCH BAG APPLE DESIGN,LUNCH,28
21428,SET3 BOOK BOX GREEN GINGHAM FLOWER ,SET3,28
23165,LARGE CERAMIC TOP STORAGE JAR,LARGE,27
23172,REGENCY TEA PLATE PINK,REGENCY,27
23171,REGENCY TEA PLATE GREEN ,REGENCY,27
21429,RED GINGHAM ROSE JEWELLERY BOX,RED,27
23103,JINGLE BELL HEART DECORATION,JINGLE,27
23240,SET OF 4 KNICK KNACK TINS DOILY ,SET,27
20977,36 PENCILS TUBE WOODLAND,36,27
22997,TRAVEL CARD WALLET UNION JACK,TRAVEL,27
22554,PLASTERS IN TIN WOODLAND ANIMALS,PLASTERS,26
22098,BOUDOIR SQUARE TISSUE BOX,BOUDOIR,26
23395,check,check,26
72818,check,check,26
21218,RED SPOTTY BISCUIT TIN,RED,26
21615,check,check,26
21495,SKULLS AND CROSSBONES WRAP,SKULLS,25
23155,KNICKERBOCKERGLORY MAGNET ASSORTED ,KNICKERBOCKERGLORY,25
22039,BOTANICAL LILY GIFT WRAP,BOTANICAL,25
16161P,WRAP ENGLISH ROSE ,WRAP,25
16161U,WRAP SUKI AND FRIENDS,WRAP,25
22048,BIRTHDAY BANQUET GIFT WRAP,BIRTHDAY,25
22047,EMPIRE GIFT WRAP,EMPIRE,25
82580,BATHROOM METAL SIGN,BATHROOM,25
22163,HEART STRING MEMO HOLDER HANGING,HEART,25
22050,PINK PAISLEY ROSE GIFT WRAP,PINK,25
22725,ALARM CLOCK BAKELIKE CHOCOLATE,ALARM,25
22810,check,check,25
22996,TRAVEL CARD WALLET VINTAGE TICKET,TRAVEL,25
22706,WRAP COWBOYS  ,WRAP,25
21875,KINGS CHOICE MUG,KINGS,25
22728,ALARM CLOCK BAKELIKE PINK,ALARM,25
35648,VINTAGE BEAD PINK PURSE ,VINTAGE,25
23236,STORAGE TIN VINTAGE DOILY ,STORAGE,25
22708,WRAP DOLLY GIRL,WRAP,25
84249A,damaged,damaged,25
21498,RED RETROSPOT WRAP ,RED,25
22865,HAND WARMER OWL DESIGN,HAND,25
22366,DOORMAT AIRMAIL ,DOORMAT,25
22046,TEA PARTY  WRAPPING PAPER ,TEA,25
22551,PLASTERS IN TIN SPACEBOY,PLASTERS,25
22988,SOLDIERS EGG CUP ,SOLDIERS,25
23041,PAPER LANTERN 9 POINT SNOW STAR,PAPER,24
22952,60 CAKE CASES VINTAGE CHRISTMAS,60,24
84828,JUNGLE POPSICLES ICE LOLLY MOULDS,JUNGLE,24
21519,GIN & TONIC DIET GREETING CARD ,GIN,24
23022,SMALL BONNE JAM JAR  T-LIGHT HOLDER,SMALL,24
23159,SET OF 5 PANCAKE DAY MAGNETS,SET,24
23349,ROLL WRAP VINTAGE CHRISTMAS,ROLL,24
23297,SET 40 HEART SHAPE PETIT FOUR CASES,SET,24
22712,CARD DOLLY GIRL ,CARD,24
23212,HEART WREATH DECORATION WITH BELL,HEART,24
23376,PACK OF 12 VINTAGE CHRISTMAS TISSUE,PACK,24
23392,SPACEBOY ROCKET LOLLY MAKERS,SPACEBOY,24
23222,CHRISTMAS TREE HANGING GOLD,CHRISTMAS,24
35833P,check,check,24
47469,ASSORTED SHAPES PHOTO CLIP SILVER ,ASSORTED,24
84459A,PINK METAL CHICKEN HEART ,PINK,24
47503H,check,check,24
21288,STRIPEY CHOCOLATE NESTING BOXES,STRIPEY,24
22599,CHRISTMAS MUSICAL ZINC STAR,CHRISTMAS,24
22596,CHRISTMAS STAR WISH LIST CHALKBOARD,CHRISTMAS,24
85035C,check,check,24
23353,6 GIFT TAGS VINTAGE CHRISTMAS ,6,24
23350,ROLL WRAP VINTAGE SPOT ,ROLL,24
21198,WHITE HEART CONFETTI IN TUBE,WHITE,24
21974,SET OF 36 PAISLEY FLOWER DOILIES,SET,24
21123,SET/10 IVORY POLKADOT PARTY CANDLES,SET/10,24
21124,SET/10 BLUE POLKADOT PARTY CANDLES,SET/10,24
20975,12 PENCILS SMALL TUBE RED RETROSPOT,12,24
23249,VINTAGE RED ENAMEL TRIM PLATE,VINTAGE,24
21122,SET/10 PINK POLKADOT PARTY CANDLES,SET/10,24
21121,SET/10 RED POLKADOT PARTY CANDLES,SET/10,24
21820,GLITTER HEART GARLAND WITH BELLS ,GLITTER,24
21352,check,check,23
85036B,check,check,23
84247E,PACK OF 12 CHRISTMAS FUN CARDS,PACK,23
23209,LUNCH BAG VINTAGE DOILY ,LUNCH,23
85123A,WHITE HANGING HEART T-LIGHT HOLDER,WHITE,23
22776,SWEETHEART 3 TIER CAKE STAND ,SWEETHEART,23
22962,JAM JAR WITH PINK LID,JAM,23
22360,GLASS JAR ENGLISH CONFECTIONERY,GLASS,23
85208,check,check,22
21232,STRAWBERRY CERAMIC TRINKET POT,STRAWBERRY,22
22823,test,test,22
35818B,adjustment,adjustment,22
17012C,check,check,22
21636,check,check,22
22153,ANGEL DECORATION STARS ON DRESS,ANGEL,22
23483,HANGING  BUTTERFLY T-LIGHT HOLDER,HANGING,22
23239,SET OF 4 KNICK KNACK TINS POPPIES,SET,22
22633,HAND WARMER UNION JACK,HAND,21
23406,CHECK,CHECK,21
22367,CHILDRENS APRON SPACEBOY DESIGN,CHILDRENS,21
22946,check,check,21
84816,damages,damages,21
21311,SET/4 BIRD MIRROR MAGNETS ,SET/4,21
23393,HOME SWEET HOME CUSHION COVER ,HOME,21
21744,check,check,21
22585,PACK OF 6 BIRDY GIFT TAGS,PACK,21
22338,STAR DECORATION PAINTED ZINC ,STAR,21
84031B,CHARLIE LOLA BLUE HOT WATER BOTTLE ,CHARLIE,21
84508C,check,check,21
21620,check,check,20
D,Discount,Discount,20
21871,SAVE THE PLANET MUG,SAVE,20
23029,damages,damages,20
23045,PAPER LANTERN 5 POINT STAR MOON ,PAPER,20
21238,RED RETROSPOT CUP,RED,20
22436,12 COLOURED PARTY BALLOONS,12,20
23480,MINI LIGHTS WOODLAND MUSHROOMS,MINI,20
22601,check,check,20
23661,MILK MAIDS MUG ,MILK,20
84031A,CHARLIE+LOLA RED HOT WATER BOTTLE ,CHARLIE+LOLA,20
22632,HAND WARMER RED RETROSPOT,HAND,19
22856,ASSORTED EASTER DECORATIONS  BELLS,ASSORTED,19
21877,HOME SWEET HOME MUG,HOME,19
21672,WHITE SPOT RED CERAMIC DRAWER KNOB,WHITE,19
23400,check,check,19
22963,JAM JAR WITH GREEN LID,JAM,19
21181,PLEASE ONE PERSON METAL SIGN,PLEASE,19
23292,SPACEBOY CHILDRENS CUP,SPACEBOY,19
22090,PAPER BUNTING RETROSPOT,PAPER,18
22434,BALLOON PUMP WITH 10 BALLOONS,BALLOON,18
22809,SET OF 6 T-LIGHTS SANTA,SET,18
90012A,stock check,stock,18
22993,SET OF 4 PANTRY JELLY MOULDS,SET,18
23462,ROCOCO WALL MIRROR WHITE,ROCOCO,18
22730,ALARM CLOCK BAKELIKE IVORY,ALARM,18
21891,TRADITIONAL WOODEN SKIPPING ROPE,TRADITIONAL,18
85034C,3 ROSE MORRIS BOXED CANDLES,3,18
21306,SET/4 DAISY MIRROR MAGNETS,SET/4,18
23485,BOTANICAL GARDENS WALL CLOCK ,BOTANICAL,18
23382,BOX OF 6 CHRISTMAS CAKE DECORATIONS,BOX,17
22427,ENAMEL FLOWER JUG CREAM,ENAMEL,17
21242,RED RETROSPOT PLATE ,RED,17
84625A,PINK NEW BAROQUECANDLESTICK CANDLE,PINK,17
22064,PINK DOUGHNUT TRINKET POT ,PINK,17
21208,PASTEL COLOUR HONEYCOMB FAN,PASTEL,17
22974,CHILDRENS DOLLY GIRL MUG,CHILDRENS,17
22466,FAIRY TALE COTTAGE NIGHT LIGHT,FAIRY,17
23118,PARISIENNE JEWELLERY DRAWER ,PARISIENNE,17
20682,RED RETROSPOT CHILDRENS UMBRELLA,RED,17
22972,CHILDREN'S SPACEBOY MUG,CHILDREN'S,16
23526,WALL ART DOG LICENCE ,WALL,16
85175,CACTI T-LIGHT CANDLES,CACTI,16
84849A,HELLO SAILOR BLUE SOAP HOLDER,HELLO,16
23367,SET 12 COLOUR PENCILS SPACEBOY ,SET,16
23431,NATURAL HANGING QUILTED HEARTS ,NATURAL,16
21876,POTTERING MUG,POTTERING,16
23288,GREEN VINTAGE SPOT BEAKER,GREEN,16
23374,RED SPOT PAPER GIFT BAG,RED,16
21313,GLASS HEART T-LIGHT HOLDER ,GLASS,16
22232,JIGSAW TOADSTOOLS 3 PIECE,JIGSAW,16
23372,SET 36 COLOUR PENCILS DOLLY GIRL,SET,16
23660,HENRIETTA HEN MUG ,HENRIETTA,16
35971,ROSE FOLKART HEART DECORATIONS,ROSE,16
22248,DECORATION  PINK CHICK MAGIC GARDEN,DECORATION,16
37448,CERAMIC CAKE DESIGN SPOTTED MUG,CERAMIC,16
20978,36 PENCILS TUBE SKULLS,36,16
23110,PARISIENNE KEY CABINET ,PARISIENNE,16
23234,BISCUIT TIN VINTAGE CHRISTMAS,BISCUIT,16
23166,MEDIUM CERAMIC TOP STORAGE JAR,MEDIUM,16
71038,check,check,16
23000,TRAVEL CARD WALLET TRANSPORT,TRAVEL,15
20726,LUNCH BAG WOODLAND,LUNCH,15
22426,check,check,15
23311,VINTAGE CHRISTMAS STOCKING ,VINTAGE,15
22139,RETROSPOT TEA SET CERAMIC 11 PC ,RETROSPOT,15
84987,SET OF 36 TEATIME PAPER DOILIES,SET,15
23436,VINTAGE CHRISTMAS GIFT BAG LARGE ,VINTAGE,15
22555,PLASTERS IN TIN STRONGMAN,PLASTERS,15
84665,water damaged,water,15
23265,SET OF 3 WOODEN TREE DECORATIONS,SET,15
20914,SET/5 RED RETROSPOT LID GLASS BOWLS,SET/5,15
22946,WOODEN ADVENT CALENDAR CREAM,WOODEN,15
20665,adjustment,adjustment,15
22774,RED DRAWER KNOB ACRYLIC EDWARDIAN,RED,15
23254,CHILDRENS CUTLERY DOLLY GIRL ,CHILDRENS,15
23348,CHILDRENS TOY COOKING UTENSIL SET,CHILDRENS,15
22307,GOLD MUG BONE CHINA TREE OF LIFE,GOLD,15
82582,AREA PATROLLED METAL SIGN,AREA,15
22726,ALARM CLOCK BAKELIKE GREEN,ALARM,15
84660A,damaged,damaged,15
22698,PINK REGENCY TEACUP AND SAUCER,PINK,15
23075,PARLOUR CERAMIC WALL HOOK,PARLOUR,15
22812,PACK 3 BOXES CHRISTMAS PANNETONE,PACK,15
22231,JIGSAW TREE WITH BIRDHOUSE,JIGSAW,15
84912B,damaged,damaged,14
22326,ROUND SNACK BOXES SET OF4 WOODLAND ,ROUND,14
85066,CREAM SWEETHEART MINI CHEST,CREAM,14
20931,BLUE POT PLANT CANDLE ,BLUE,14
22456,NATURAL SLATE CHALKBOARD LARGE ,NATURAL,14
23408,PHOTO FRAME LINEN AND LACE SMALL,PHOTO,14
20774,damaged,damaged,14
23296,SET OF 6 TEA TIME BAKING CASES,SET,14
71477,COLOUR GLASS. STAR T-LIGHT HOLDER,COLOUR,14
22892,SET OF SALT AND PEPPER TOADSTOOLS,SET,14
22236,CAKE STAND 3 TIER MAGIC GARDEN,CAKE,14
22584,PACK OF 6 PANETTONE GIFT BOXES,PACK,14
23167,SMALL CERAMIC TOP STORAGE JAR ,SMALL,14
23224,CHERUB HEART DECORATION GOLD,CHERUB,14
22301,COFFEE MUG CAT + BIRD DESIGN,COFFEE,14
22779,WOODEN OWLS LIGHT GARLAND ,WOODEN,14
22771,CLEAR DRAWER KNOB ACRYLIC EDWARDIAN,CLEAR,14
22731,3D CHRISTMAS STAMPS STICKERS ,3D,14
23238,SET OF 4 KNICK KNACK TINS LONDON ,SET,14
21535,RED RETROSPOT SMALL MILK JUG,RED,14
22144,CHRISTMAS CRAFT LITTLE FRIENDS,CHRISTMAS,14
21179,damaged,damaged,14
21819,check,check,14
CRUK,CRUK Commission,CRUK,13
21533,RETROSPOT LARGE MILK JUG,RETROSPOT,13
22736,RIBBON REEL MAKING SNOWMEN ,RIBBON,13
22798,ANTIQUE GLASS DRESSING TABLE POT,ANTIQUE,13
21175,GIN + TONIC DIET METAL SIGN,GIN,13
84029G,KNITTED UNION FLAG HOT WATER BOTTLE,KNITTED,13
22220,CAKE STAND LOVEBIRD 2 TIER WHITE,CAKE,13
22729,ALARM CLOCK BAKELIKE ORANGE,ALARM,13
23085,ANTIQUE SILVER BAUBLE LAMP  ,ANTIQUE,13
23486,ANTIQUE HEART SHELF UNIT,ANTIQUE,13
23188,VINTAGE  2 METER FOLDING RULER,VINTAGE,13
84947,ANTIQUE SILVER TEA GLASS ENGRAVED,ANTIQUE,13
84375,SET OF 20 KIDS COOKIE CUTTERS,SET,13
21907,I'M ON HOLIDAY METAL SIGN,I'M,13
23320,GIANT 50'S CHRISTMAS CRACKER,GIANT,13
21696,SMALL SILVER TRELLIS CANDLEPOT,SMALL,12
35651,VINTAGE BEAD PINK SCARF ,VINTAGE,12
21137,BLACK RECORD COVER FRAME,BLACK,12
23470,CARD HOLDER LOVE BIRD LARGE ,CARD,12
21872,GLAMOROUS  MUG,GLAMOROUS,12
21846,PINK DIAMANTE PEN IN GIFT BOX,PINK,12
21908,CHOCOLATE THIS WAY METAL SIGN,CHOCOLATE,12
21821,GLITTER STAR GARLAND WITH BELLS ,GLITTER,12
84976,RECTANGULAR SHAPED MIRROR,RECTANGULAR,12
84988,SET OF 72 PINK HEART PAPER DOILIES,SET,12
22694,WICKER STAR ,WICKER,12
22759,SET OF 3 NOTEBOOKS IN PARCEL,SET,12
23333,IVORY WICKER HEART MEDIUM,IVORY,12
23335,EGG FRYING PAN IVORY ,EGG,12
21626,VINTAGE UNION JACK PENNANT,VINTAGE,12
23268,SET OF 2 CERAMIC CHRISTMAS REINDEER,SET,12
35924,HANGING FAIRY CAKE DECORATION,HANGING,12
23266,SET OF 3 WOODEN STOCKING DECORATION,SET,12
22805,BLUE DRAWER KNOB ACRYLIC EDWARDIAN,BLUE,12
22068,BLACK PIRATE TREASURE CHEST,BLACK,12
22029,SPACEBOY BIRTHDAY CARD,SPACEBOY,12
22902,TOTE BAG I LOVE LONDON,TOTE,12
21058,PARTY INVITES WOODLAND,PARTY,12
22120,WELCOME  WOODEN BLOCK LETTERS,WELCOME,12
22792,FLUTED ANTIQUE CANDLE HOLDER,FLUTED,12
70007,HI TEC ALPINE HAND WARMER,HI,12
23139,SINGLE WIRE HOOK PINK HEART,SINGLE,12
90170,DAISY HAIR BAND,DAISY,12
22616,PACK OF 12 LONDON TISSUES ,PACK,12
22615,PACK OF 12 CIRCUS PARADE TISSUES ,PACK,12
23213,STAR WREATH DECORATION WITH BELL,STAR,12
23220,REINDEER HEART DECORATION GOLD,REINDEER,12
22940,FELTCRAFT CHRISTMAS FAIRY,FELTCRAFT,12
23168,CLASSIC CAFE SUGAR DISPENSER,CLASSIC,12
22851,SET 20 NAPKINS FAIRY CAKES DESIGN ,SET,12
22863,SOAP DISH BROCANTE,SOAP,12
21670,BLUE SPOT CERAMIC DRAWER KNOB,BLUE,12
23031,DRAWER KNOB CRACKLE GLAZE PINK,DRAWER,12
47504K,ENGLISH ROSE GARDEN SECATEURS,ENGLISH,12
22649,STRAWBERRY FAIRY CAKE TEAPOT,STRAWBERRY,12
23223,CHRISTMAS TREE HANGING SILVER ,CHRISTMAS,12
22718,CARD CAT AND TREE ,CARD,12
21059,PARTY INVITES DINOSAURS,PARTY,12
85017B,ENVELOPE 50 BLOSSOM IMAGES,ENVELOPE,12
22322,BIRD DECORATION GREEN POLKADOT,BIRD,12
84836,ZINC METAL HEART DECORATION,ZINC,12
22949,36 DOILIES DOLLY GIRL,36,12
22042,CHRISTMAS CARD SINGING ANGEL,CHRISTMAS,12
84821,DANISH ROSE DELUXE COASTER,DANISH,12
21210,SET OF 72 RETROSPOT PAPER  DOILIES,SET,12
21993,FLORAL FOLK STATIONERY SET,FLORAL,12
21990,MODERN FLORAL STATIONERY SET,MODERN,12
23026,DRAWER KNOB VINTAGE GLASS STAR,DRAWER,12
23497,CLASSIC CHROME BICYCLE BELL ,CLASSIC,12
23156,SET OF 5 MINI GROCERY MAGNETS,SET,12
23161,REGENCY CAKE FORK,REGENCY,12
22582,PACK OF 6 SWEETIE GIFT BOXES,PACK,12
22349,DOG BOWL CHASING BALL DESIGN,DOG,12
22340,NOEL GARLAND PAINTED ZINC ,NOEL,12
22399,MAGNETS PACK OF 4 CHILDHOOD MEMORY,MAGNETS,12
22491,PACK OF 12 COLOURED PENCILS,PACK,12
22503,CABIN BAG VINTAGE PAISLEY,CABIN,12
23352,ROLL WRAP 50'S RED CHRISTMAS ,ROLL,12
21507,ELEPHANT BIRTHDAY CARD ,ELEPHANT,12
22522,CHILDS GARDEN FORK BLUE ,CHILDS,12
22523,CHILDS GARDEN FORK PINK,CHILDS,12
22983,CARD BILLBOARD FONT,CARD,12
21508,VINTAGE KID DOLLY CARD ,VINTAGE,12
22944,CHRISTMAS METAL POSTCARD WITH BELLS,CHRISTMAS,12
23413,VINTAGE COFFEE GRINDER BOX,VINTAGE,12
79191B,RETRO PLASTIC POLKA TRAY,RETRO,12
22989,SET 2 PANTRY DESIGN TEA TOWELS,SET,12
90014A,check,check,12
23289,DOLLY GIRL CHILDRENS BOWL,DOLLY,12
22964,3 PIECE SPACEBOY COOKIE CUTTER SET,3,11
22990,COTTON APRON PANTRY DESIGN,COTTON,11
22636,CHILDS BREAKFAST SET CIRCUS PARADE,CHILDS,11
37495,FAIRY CAKE BIRTHDAY CANDLE SET,FAIRY,11
22697,GREEN REGENCY TEACUP AND SAUCER,GREEN,11
22646,CERAMIC STRAWBERRY CAKE MONEY BANK,CERAMIC,11
22796,PHOTO FRAME 3 CLASSIC HANGING,PHOTO,11
23325,RUSTIC STRAWBERRY JAM POT SMALL,RUSTIC,11
22364,GLASS JAR DIGESTIVE BISCUITS,GLASS,11
23197,SKETCHBOOK MAGNETIC SHOPPING LIST,SKETCHBOOK,11
23173,REGENCY TEAPOT ROSES ,REGENCY,11
23174,REGENCY SUGAR BOWL GREEN,REGENCY,11
85159B,"WHITE TEA,COFFEE,SUGAR JARS",WHITE,11
23144,ZINC T-LIGHT HOLDER STARS SMALL,ZINC,11
84563B,damaged,damaged,11
23294,SET OF 6 SNACK LOAF BAKING CASES,SET,11
23295,SET OF 12 MINI LOAF BAKING CASES,SET,11
22113,GREY HEART HOT WATER BOTTLE,GREY,11
21810,CHRISTMAS HANGING STAR WITH BELL,CHRISTMAS,11
22065,CHRISTMAS PUDDING TRINKET POT ,CHRISTMAS,11
22665,RECIPE BOX BLUE SKETCHBOOK DESIGN,RECIPE,10
22739,RIBBON REEL CHRISTMAS SOCK BAUBLE,RIBBON,10
22661,CHARLOTTE BAG DOLLY GIRL DESIGN,CHARLOTTE,10
23583,LUNCH BAG PAISLEY PARK  ,LUNCH,10
21034,REX CASH+CARRY JUMBO SHOPPER,REX,10
23042,PAPER LANTERN 7 POINT SNOW STAR,PAPER,10
20752,check,check,10
23434,3 RAFFIA RIBBONS 50'S CHRISTMAS ,3,10
22664,TOY TIDY DOLLY GIRL DESIGN,TOY,10
22778,check,check,10
21258,VICTORIAN SEWING BOX LARGE,VICTORIAN,10
23290,SPACEBOY CHILDRENS BOWL,SPACEBOY,10
90108,BLUE BLOSSOM HAIR CLIP,BLUE,10
22494,EMERGENCY FIRST AID TIN ,EMERGENCY,10
22362,GLASS JAR PEACOCK BATH SALTS,GLASS,10
23235,STORAGE TIN VINTAGE LEAF,STORAGE,10
20898,check,check,10
47559B,TEA TIME OVEN GLOVE,TEA,10
22080,RIBBON REEL POLKADOTS ,RIBBON,10
21934,SKULL SHOULDER BAG,SKULL,10
21927,BLUE/CREAM STRIPE CUSHION COVER ,BLUE/CREAM,10
22079,RIBBON REEL HEARTS DESIGN ,RIBBON,10
72801C,check,check,10
22121,check,check,10
22268,check,check,10
22097,SWALLOW SQUARE TISSUE BOX,SWALLOW,10
22381,TOY TIDY PINK POLKADOT,TOY,10
22613,PACK OF 20 SPACEBOY NAPKINS,PACK,10
22662,LUNCH BAG DOLLY GIRL DESIGN,LUNCH,10
22622,BOX OF VINTAGE ALPHABET BLOCKS,BOX,9
21643,damaged,damaged,9
22043,dotcom,dotcom,9
82616B,FRAPPUCINO SCARF KNITTING KIT,FRAPPUCINO,9
AMAZONFEE,AMAZON FEE,AMAZON,9
22558,CLOTHES PEGS RETROSPOT PACK 24 ,CLOTHES,9
23130,MISTLETOE HEART WREATH GREEN,MISTLETOE,9
23229,VINTAGE DONKEY TAIL GAME ,VINTAGE,9
84997A,CHILDRENS CUTLERY POLKADOT GREEN ,CHILDRENS,9
20932,PINK POT PLANT CANDLE,PINK,9
22424,ENAMEL BREAD BIN CREAM,ENAMEL,9
85053,FRENCH ENAMEL CANDLEHOLDER,FRENCH,9
23148,MINIATURE ANTIQUE ROSE HOOK IVORY,MINIATURE,9
22840,ROUND CAKE TIN VINTAGE RED,ROUND,9
35607B,thrown away,thrown,9
23291,DOLLY GIRL CHILDRENS CUP,DOLLY,9
23252,VINTAGE RED ENAMEL TRIM JUG ,VINTAGE,9
23397,damaged,damaged,9
22941,CHRISTMAS LIGHTS 10 REINDEER,CHRISTMAS,9
23029,DRAWER KNOB CRACKLE GLAZE GREEN,DRAWER,9
23014,GLASS APOTHECARY BOTTLE ELIXIR,GLASS,9
22784,LANTERN CREAM GAZEBO ,LANTERN,9
22847,BREAD BIN DINER STYLE IVORY,BREAD,9
23487,SWEET HEART CAKE CARRIER,SWEET,9
71053,WHITE METAL LANTERN,WHITE,9
21136,PAINTED METAL PEARS ASSORTED,PAINTED,9
23112,PARISIENNE CURIO CABINET,PARISIENNE,9
22766,PHOTO FRAME CORNICE,PHOTO,9
22844,VINTAGE CREAM DOG FOOD CONTAINER,VINTAGE,8
23237,SET OF 4 KNICK KNACK TINS LEAF,SET,8
23080,RED METAL BOX TOP SECRET,RED,8
22890,NOVELTY BISCUITS CAKE STAND 3 TIER,NOVELTY,8
22625,RED KITCHEN SCALES,RED,8
23111,PARISIENNE SEWING BOX,PARISIENNE,8
22768,FAMILY PHOTO FRAME CORNICE,FAMILY,8
23377,PACK OF 12 DOLLY GIRL TISSUES,PACK,8
90013A,MIDNIGHT BLUE VINTAGE EARRINGS,MIDNIGHT,8
23193,BUFFALO BILL TREASURE BOOK BOX,BUFFALO,8
21812,GARLAND WITH HEARTS AND BELLS,GARLAND,8
22156,HEART DECORATION WITH PEARLS ,HEART,8
23327,HANGING CLEAR MINI BOTTLE,HANGING,8
84509A,SET OF 4 ENGLISH ROSE PLACEMATS,SET,8
23255,CHILDRENS CUTLERY CIRCUS PARADE,CHILDRENS,8
46000S,POLYESTER FILLER PAD 40x40cm,POLYESTER,8
22294,HEART FILIGREE DOVE  SMALL,HEART,8
22487,WHITE WOOD GARDEN PLANT LADDER,WHITE,8
22357,KINGS CHOICE BISCUIT TIN,KINGS,8
22429,ENAMEL MEASURING JUG CREAM,ENAMEL,8
22432,WATERING CAN PINK BUNNY,WATERING,8
22591,CARDHOLDER GINGHAM CHRISTMAS TREE,CARDHOLDER,8
21264,WHITE GOOSE FEATHER TREE 60CM ,WHITE,8
21817,check,check,8
21813,GARLAND WITH STARS AND BELLS,GARLAND,7
21259,VICTORIAN SEWING BOX SMALL ,VICTORIAN,7
21981,PACK OF 12 WOODLAND TISSUES ,PACK,7
S,SAMPLES,SAMPLES,7
90160A,PURPLE BOUDICCA LARGE BRACELET,PURPLE,7
22169,FAMILY ALBUM WHITE PICTURE FRAME,FAMILY,7
23328,SET 6 SCHOOL MILK BOTTLES IN CRATE,SET,7
22154,ANGEL DECORATION 3 BUTTONS ,ANGEL,7
22634,CHILDS BREAKFAST SET SPACEBOY ,CHILDS,7
23012,GLASS APOTHECARY BOTTLE PERFUME,GLASS,7
22654,DELUXE SEWING KIT ,DELUXE,7
21216,"SET 3 RETROSPOT TEA,COFFEE,SUGAR",SET,7
37449,CERAMIC CAKE STAND + HANGING CAKES,CERAMIC,7
23409,PHOTO FRAME LINEN AND LACE LARGE,PHOTO,7
23534,WALL ART STOP FOR TEA ,WALL,7
23527,WALL ART ANIMALS AND NATURE ,WALL,7
23395,BELLE JARDINIERE CUSHION COVER,BELLE,7
22276,WASH BAG VINTAGE ROSE PAISLEY,WASH,7
22339,CHRISTMAS TREE PAINTED ZINC ,CHRISTMAS,7
23345, DOLLY GIRL BEAKER,DOLLY,7
21430,SET/3 RED GINGHAM ROSE STORAGE BOX,SET/3,7
21089,damaged,damaged,7
22426,ENAMEL WASH BOWL CREAM,ENAMEL,7
85034A,3 GARDENIA MORRIS BOXED CANDLES,3,7
22550,HOLIDAY FUN LUDO,HOLIDAY,7
48138,DOORMAT UNION FLAG,DOORMAT,7
23425,STORAGE TIN HOME SWEET HOME,STORAGE,7
72741,GRAND CHOCOLATECANDLE,GRAND,7
23302,KNEELING MAT HOUSEWORK  DESIGN,KNEELING,7
23306,SET OF 36 DOILIES PANTRY DESIGN,SET,6
90201B,BLACK ENAMEL FLOWER RING,BLACK,6
90201C,RED ENAMEL FLOWER RING,RED,6
90185A,AMBER DIAMANTE EXPANDABLE RING,AMBER,6
90183A,AMBER DROP EARRINGS W LONG BEADS,AMBER,6
90182C,BLACK 3 BEAD DROP EARRINGS,BLACK,6
90185B,AMETHYST DIAMANTE EXPANDABLE RING,AMETHYST,6
90202A,PURPLE ENAMEL FLOWER HAIR TIE,PURPLE,6
90177A,CLASSIC DIAMANTE EARRINGS JET,CLASSIC,6
90202B,WHITE ENAMEL FLOWER HAIR TIE,WHITE,6
90177E,DROP DIAMANTE EARRINGS GREEN,DROP,6
23407,SET OF 2 TRAYS HOME SWEET HOME,SET,6
23542,WALL ART 70'S ALPHABET ,WALL,6
22947,WOODEN ADVENT CALENDAR RED,WOODEN,6
23513,EMBROIDERED RIBBON REEL SUSIE ,EMBROIDERED,6
23493,VINTAGE DOILY TRAVEL SEWING KIT,VINTAGE,6
23514,EMBROIDERED RIBBON REEL SALLY ,EMBROIDERED,6
22893,MINI CAKE STAND T-LIGHT HOLDER,MINI,6
90177C,DROP DIAMANTE EARRINGS CRYSTAL,DROP,6
90177D,DROP DIAMANTE EARRINGS PURPLE,DROP,6
23426,METAL SIGN DROP YOUR PANTS,METAL,6
90059A,DIAMANTE HAIR GRIP PACK/2 CRYSTAL,DIAMANTE,6
90059B,DIAMANTE HAIR GRIP PACK/2 BLACK DIA,DIAMANTE,6
22978,PANTRY ROLLING PIN,PANTRY,6
90059C,DIAMANTE HAIR GRIP PACK/2 MONTANA,DIAMANTE,6
90059D,DIAMANTE HAIR GRIP PACK/2 PERIDOT,DIAMANTE,6
23015,CORDIAL GLASS JUG,CORDIAL,6
23013,GLASS APOTHECARY BOTTLE TONIC,GLASS,6
21326,AGED GLASS SILVER T-LIGHT HOLDER,AGED,6
22812,PACK 3 BOXES CHRISTMAS PANETTONE,PACK,6
22795,SWEETHEART RECIPE BOOK STAND,SWEETHEART,6
22778,GLASS CLOCHE SMALL,GLASS,6
23074,EMBOSSED HEART TRINKET BOX,EMBOSSED,6
23397,FOOT STOOL HOME SWEET HOME ,FOOT,6
23523,WALL ART TREASURE AHOY ,WALL,6
23518,EMBROIDERED RIBBON REEL RACHEL ,EMBROIDERED,6
23007, SPACEBOY BABY GIFT SET,SPACEBOY,6
23034,DRAWER KNOB CERAMIC BLACK,DRAWER,6
23525,WALL ART BUFFALO BILL ,WALL,6
23524,WALL ART HORSE & PONY ,WALL,6
23079,TOADSTOOL BEDSIDE LIGHT ,TOADSTOOL,6
23597,PAPER BUNTING PAISLEY PARK,PAPER,6
22845,VINTAGE CREAM CAT FOOD CONTAINER,VINTAGE,6
21395,BLUE POLKADOT BEAKER ,BLUE,6
23368,SET 12 COLOUR PENCILS DOLLY GIRL ,SET,6
22598,CHRISTMAS MUSICAL ZINC TREE,CHRISTMAS,6
22623,BOX OF VINTAGE JIGSAW BLOCKS ,BOX,6
82583,HOT BATHS METAL SIGN,HOT,6
23146,TRIPLE HOOK ANTIQUE IVORY ROSE,TRIPLE,6
23131,MISTLETOE HEART WREATH CREAM,MISTLETOE,6
23123,COCKTAIL SWORDS 50 PIECES,COCKTAIL,6
23118,check,check,6
22488,NATURAL SLATE RECTANGLE CHALKBOARD,NATURAL,6
22576,SWALLOW WOODEN CHRISTMAS DECORATION,SWALLOW,6
22557,PLASTERS IN TIN VINTAGE PAISLEY ,PLASTERS,6
23346,SPACEBOY BEAKER,SPACEBOY,6
22495,SET OF 2 ROUND TINS CAMEMBERT ,SET,6
22449,SILK PURSE BABUSHKA PINK,SILK,6
22416,SET OF 36 SPACEBOY PAPER DOILIES,SET,6
22419,LIPSTICK PEN RED,LIPSTICK,6
90174,BUTTERFLY HAIR BAND,BUTTERFLY,6
90208,PAIR OF PINK FLOWER CLUSTER SLIDE,PAIR,6
90101,WHITE FRANGIPANI NECKLACE,WHITE,6
90118,PINK DAISY BAG CHARM,PINK,6
84997B,CHILDRENS CUTLERY RETROSPOT RED ,CHILDRENS,6
22328,ROUND SNACK BOXES SET OF 4 FRUITS ,ROUND,6
23227,FILIGREE HEART BUTTERFLY WHITE ,FILIGREE,6
21452,TOADSTOOL MONEY BOX,TOADSTOOL,6
23186,FRENCH STYLE STORAGE JAR CAFE ,FRENCH,6
21394,RED POLKADOT BEAKER ,RED,6
22300,COFFEE MUG DOG + BALL DESIGN,COFFEE,6
21464,DISCO BALL ROTATOR BATTERY OPERATED,DISCO,6
23330,DECORATIVE WICKER HEART MEDIUM,DECORATIVE,6
90169,DAISY HAIR COMB,DAISY,6
90168,2 DAISIES HAIR COMB,2,6
21577,SAVE THE PLANET COTTON TOTE BAG,SAVE,6
21621,VINTAGE UNION JACK BUNTING,VINTAGE,6
21622,VINTAGE UNION JACK CUSHION COVER,VINTAGE,6
22158,3 HEARTS HANGING DECORATION RUSTIC,3,6
23338,EGG FRYING PAN RED ,EGG,6
84279P,CHERRY BLOSSOM  DECORATIVE FLASK,CHERRY,6
22096,PINK PAISLEY SQUARE TISSUE BOX ,PINK,6
23283,DOORMAT VINTAGE LEAF,DOORMAT,6
84032B,CHARLIE + LOLA RED HOT WATER BOTTLE,CHARLIE,6
90059F,DIAMANTE HAIR GRIP PACK/2 LT ROSE,DIAMANTE,6
21823,damaged,damaged,6
BANK CHARGES,Bank Charges,Bank,6
90059E,DIAMANTE HAIR GRIP PACK/2 RUBY,DIAMANTE,6
90185C,BLACK DIAMANTE EXPANDABLE RING,BLACK,6
90209A,PURPLE ENAMEL+GLASS HAIR COMB,PURPLE,6
90202D,PINK ENAMEL FLOWER HAIR TIE,PINK,6
90202C,GREEN ENAMEL FLOWER HAIR TIE,GREEN,6
23313,VINTAGE CHRISTMAS BUNTING,VINTAGE,5
22302,COFFEE MUG PEARS  DESIGN,COFFEE,5
23089,GLASS BON BON JAR,GLASS,5
21240,BLUE POLKADOT CUP,BLUE,5
22306,SILVER MUG BONE CHINA TREE OF LIFE,SILVER,5
22191,IVORY DINER WALL CLOCK,IVORY,5
22628,PICNIC BOXES SET OF 3 RETROSPOT ,PICNIC,5
22577,WOODEN HEART CHRISTMAS SCANDINAVIAN,WOODEN,5
22186,RED STAR CARD HOLDER,RED,5
22371,AIRLINE BAG VINTAGE TOKYO 78,AIRLINE,5
22465,HANGING METAL STAR LANTERN,HANGING,5
85127,SMALL SQUARE CUT GLASS CANDLESTICK,SMALL,5
22361,GLASS JAR DAISY FRESH COTTON WOOL,GLASS,5
22627,MINT KITCHEN SCALES,MINT,5
21209,MULTICOLOUR HONEYCOMB FAN,MULTICOLOUR,5
90012B,check,check,5
23152,IVORY SWEETHEART WIRE LETTER RACK ,IVORY,5
23149,ANTIQUE IVORY WIRE BOWL SMALL,ANTIQUE,5
23241,TREASURE TIN GYMKHANA DESIGN,TREASURE,5
20956,PORCELAIN T-LIGHT HOLDERS ASSORTED,PORCELAIN,5
23460,SWEETHEART WALL TIDY ,SWEETHEART,5
22927,damaged,damaged,5
84997C,CHILDRENS CUTLERY POLKADOT BLUE,CHILDRENS,5
22966,GINGERBREAD MAN COOKIE CUTTER,GINGERBREAD,5
37447,CERAMIC CAKE DESIGN SPOTTED PLATE,CERAMIC,5
22842,BISCUIT TIN VINTAGE RED,BISCUIT,5
23595,re-adjustment,re-adjustment,5
21485,RETROSPOT HEART HOT WATER BOTTLE,RETROSPOT,5
21925,UNION STRIPE CUSHION COVER ,UNION,5
85040A,S/4 PINK FLOWER CANDLES IN BOWL,S/4,5
22109,FULL ENGLISH BREAKFAST PLATE,FULL,5
22066,LOVE HEART TRINKET POT,LOVE,5
22762,CUPBOARD 3 DRAWER MA CAMPAGNE,CUPBOARD,5
22668,PINK BABY BUNTING,PINK,5
22767,TRIPLE PHOTO FRAME CORNICE ,TRIPLE,5
23415,HOME SWEET HOME HOOK,HOME,5
23423,PANTRY 3 HOOK ROLLING PIN HANGER,PANTRY,5
23511,EMBROIDERED RIBBON REEL EMILY ,EMBROIDERED,5
23565,EGG CUP MILKMAID HELGA ,EGG,5
21714,CITRONELLA CANDLE GARDEN POT,CITRONELLA,5
22891,TEA FOR ONE POLKADOT,TEA,5
22928,YELLOW GIANT GARDEN THERMOMETER,YELLOW,5
23458,DOLLY CABINET 3 DRAWERS ,DOLLY,5
23356,LOVE HOT WATER BOTTLE,LOVE,5
84406B,CREAM CUPID HEARTS COAT HANGER,CREAM,5
22624,IVORY KITCHEN SCALES,IVORY,4
22600,CHRISTMAS RETROSPOT STAR WOOD,CHRISTMAS,4
84665,SQUARE CHERRY BLOSSOM CABINET,SQUARE,4
84674,FLYING PIG WATERING CAN,FLYING,4
22619,SET OF 6 SOLDIER SKITTLES,SET,4
84820,DANISH ROSE TRINKET TRAYS,DANISH,4
22393,PAPERWEIGHT VINTAGE COLLAGE,PAPERWEIGHT,4
22199,FRYING PAN RED RETROSPOT,FRYING,4
23396,LE JARDIN BOTANIQUE CUSHION COVER,LE,4
23194,GYMKHANA TREASURE BOOK BOX,GYMKHANA,4
23175,REGENCY MILK JUG PINK ,REGENCY,4
90204,PAIR OF ENAMEL BUTTERFLY HAIRCLIP,PAIR,4
23273,HEART T-LIGHT HOLDER WILLIE WINKIE,HEART,4
11001,ASSTD DESIGN RACING CAR PEN,ASSTD,4
84945,MULTI COLOUR SILVER T-LIGHT HOLDER,MULTI,4
22507,MEMO BOARD RETROSPOT  DESIGN,MEMO,4
48173C,DOORMAT BLACK FLOCK ,DOORMAT,4
23008,DOLLY GIRL BABY GIFT SET,DOLLY,4
22204,MILK PAN BLUE POLKADOT,MILK,4
90003B,ROSE COLOUR PAIR HEART HAIR SLIDES,ROSE,4
22171,3 HOOK PHOTO SHELF ANTIQUE WHITE,3,4
90022,EDWARDIAN DROP EARRINGS JET BLACK,EDWARDIAN,4
22617,BAKING SET SPACEBOY DESIGN,BAKING,4
21422,PORCELAIN ROSE SMALL,PORCELAIN,4
82001S,VINYL RECORD FRAME SILVER,VINYL,4
22846,BREAD BIN DINER STYLE RED ,BREAD,4
37446,MINI CAKE STAND WITH HANGING CAKES,MINI,4
37450,CERAMIC CAKE BOWL + HANGING CAKES,CERAMIC,4
21524,DOORMAT SPOTTY HOME SWEET HOME,DOORMAT,4
23469,CARD HOLDER LOVE BIRD SMALL,CARD,4
21534,DAIRY MAID LARGE MILK JUG,DAIRY,4
84997D,CHILDRENS CUTLERY POLKADOT PINK,CHILDRENS,4
23461,SWEETHEART BIRD HOUSE,SWEETHEART,4
22971,QUEENS GUARD COFFEE MUG,QUEENS,4
85036C,check,check,4
23414,ZINC BOX SIGN HOME,ZINC,4
22602,RETROSPOT WOODEN HEART DECORATION,RETROSPOT,4
82484,WOOD BLACK BOARD ANT WHITE FINISH,WOOD,4
23020,smashed,smashed,4
22943,CHRISTMAS LIGHTS 10 VINTAGE BAUBLES,CHRISTMAS,4
23566,EGG CUP MILKMAID HEIDI,EGG,4
23536,WALL ART VILLAGE SHOW ,WALL,4
22942,CHRISTMAS LIGHTS 10 SANTAS ,CHRISTMAS,4
22925,BLUE GIANT GARDEN THERMOMETER,BLUE,4
22979,PANTRY WASHING UP BRUSH,PANTRY,4
84032A,CHARLIE+LOLA PINK HOT WATER BOTTLE,CHARLIE+LOLA,4
21015,DARK BIRD HOUSE TREE DECORATION,DARK,4
84625C,BLUE NEW BAROQUE CANDLESTICK CANDLE,BLUE,4
90201A,PURPLE ENAMEL FLOWER RING,PURPLE,4
20749,ASSORTED COLOUR MINI CASES,ASSORTED,4
20704,MR ROBOT SOFT TOY,MR,4
23153,ZINC SWEETHEART WIRE LETTER RACK,ZINC,4
21194,PINK  HONEYCOMB PAPER FAN,PINK,4
90003C,MIDNIGHT BLUE PAIR HEART HAIR SLIDE,MIDNIGHT,4
90003D,CRYSTAL PAIR HEART HAIR SLIDES,CRYSTAL,4
90003E,GREEN PAIR HEART HAIR SLIDES,GREEN,4
20802,SMALL GLASS SUNDAE DISH CLEAR,SMALL,3
21155,RED RETROSPOT PEG BAG,RED,3
23323,WHITE WICKER STAR ,WHITE,3
23274,STAR T-LIGHT HOLDER WILLIE WINKIE,STAR,3
23329,DECORATIVE WICKER HEART LARGE,DECORATIVE,3
20902,check,check,3
23490,T-LIGHT HOLDER HANGING LOVE BIRD,T-LIGHT,3
22838,3 TIER CAKE TIN RED AND CREAM,3,3
22899,CHILDREN'S APRON DOLLY GIRL ,CHILDREN'S,3
22801,ANTIQUE GLASS PEDESTAL BOWL,ANTIQUE,3
21682,LARGE MEDINA STAMPED METAL BOWL ,LARGE,3
82616C,MIDNIGHT GLAMOUR SCARF KNITTING KIT,MIDNIGHT,3
21775,DECORATIVE FLORE BATHROOM BOTTLE,DECORATIVE,3
22911,PAPER CHAIN KIT LONDON,PAPER,3
21654,Damaged,Damaged,3
23459,DOLLY CABINET 2 DRAWERS ,DOLLY,3
21658,GLASS  BEURRE DISH,GLASS,3
22363,GLASS JAR MARMALADE ,GLASS,3
21344,MOROCCAN BEATEN METAL DISH,MOROCCAN,3
23401,RUSTIC MIRROR WITH LACE HEART,RUSTIC,3
23403,LETTER HOLDER HOME SWEET HOME,LETTER,3
23083,SET 6 PAPER TABLE LANTERN STARS ,SET,3
23035,DRAWER KNOB CERAMIC IVORY,DRAWER,3
23406,HOME SWEET HOME KEY HOLDER,HOME,3
47590B,PINK HAPPY BIRTHDAY BUNTING,PINK,3
22605,WOODEN CROQUET GARDEN SET,WOODEN,3
22588,CARD HOLDER GINGHAM HEART,CARD,3
84819,DANISH ROSE ROUND SEWING BOX,DANISH,3
22485,SET OF 2 WOODEN MARKET CRATES,SET,3
22152,PLACE SETTING WHITE STAR,PLACE,3
22994,TRAVEL CARD WALLET RETROSPOT,TRAVEL,3
22621,TRADITIONAL KNITTING NANCY,TRADITIONAL,3
22601,CHRISTMAS RETROSPOT ANGEL WOOD,CHRISTMAS,3
79321,CHILLI LIGHTS,CHILLI,3
22166,WALL MIRROR RECTANGLE DIAMANTE PINK,WALL,3
22170,PICTURE FRAME WOOD TRIPLE PORTRAIT,PICTURE,3
71279,PINK GLASS CANDLEHOLDER,PINK,3
22652,TRAVEL SEWING KIT,TRAVEL,3
22063,CERAMIC BOWL WITH STRAWBERRY DESIGN,CERAMIC,3
22059,CERAMIC STRAWBERRY DESIGN MUG,CERAMIC,3
71459,HANGING JAM JAR T-LIGHT HOLDERS,HANGING,3
72807B,SET/3 OCEAN SCENT CANDLE JEWEL BOX,SET/3,3
79190A,RETRO PLASTIC 70'S TRAY,RETRO,3
23016,GLASS TWIST BON BON JAR,GLASS,3
21873,IF YOU CAN'T STAND THE HEAT MUG,IF,3
21559,STRAWBERRY LUNCH BOX WITH CUTLERY,STRAWBERRY,3
23020,GLASS  SONGBIRD STORAGE JAR,GLASS,3
22780,LIGHT GARLAND BUTTERFILES PINK,LIGHT,3
35972,check,check,3
40001,WHITE BAMBOO RIBS LAMPSHADE,WHITE,3
22150,3 STRIPEY MICE FELTCRAFT,3,3
22352,LUNCH BOX WITH CUTLERY RETROSPOT ,LUNCH,3
35004B,SET OF 3 BLACK FLYING DUCKS,SET,3
23178,JAM CLOCK MAGNET,JAM,3
23099,FRENCH CARRIAGE LANTERN,FRENCH,3
22457,NATURAL SLATE HEART CHALKBOARD ,NATURAL,3
85104,SILVER GLASS T-LIGHT SET,SILVER,3
47590A,BLUE HAPPY BIRTHDAY BUNTING,BLUE,3
20679,EDWARDIAN PARASOL RED,EDWARDIAN,3
23092,LARGE ANTIQUE WHITE PHOTO FRAME,LARGE,3
23114,VINTAGE LEAF CHOPPING BOARD  ,VINTAGE,3
90209C,PINK ENAMEL+GLASS HAIR COMB,PINK,3
22744,MAKE YOUR OWN MONSOON CARD KIT,MAKE,2
23437, 50'S CHRISTMAS GIFT BAG LARGE,50'S,2
23508,MINI PLAYING CARDS DOLLY GIRL ,MINI,2
23503,PLAYING CARDS KEEP CALM & CARRY ON,PLAYING,2
21624,VINTAGE UNION JACK DOORSTOP,VINTAGE,2
21730,GLASS STAR FROSTED T-LIGHT HOLDER,GLASS,2
22848,BREAD BIN DINER STYLE PINK,BREAD,2
23541,WALL ART CLASSIC PUDDINGS ,WALL,2
23569,TRADTIONAL ALPHABET STAMP SET,TRADTIONAL,2
15039,SANDALWOOD FAN,SANDALWOOD,2
90024B,NEW BAROQUE B'FLY NECKLACE RED,NEW,2
90199C,5 STRAND GLASS NECKLACE CRYSTAL,5,2
20973,12 PENCIL SMALL TUBE WOODLAND,12,2
20750,RED RETROSPOT MINI CASES,RED,2
21246,damaged,damaged,2
21257,VICTORIAN SEWING BOX MEDIUM,VICTORIAN,2
23332,IVORY WICKER HEART LARGE,IVORY,2
21156,RETROSPOT CHILDRENS APRON,RETROSPOT,2
23280,FOLDING BUTTERFLY MIRROR HOT PINK ,FOLDING,2
21531,RED RETROSPOT SUGAR JAM BOWL,RED,2
20711,JUMBO BAG TOYS ,JUMBO,2
22751,FELTCRAFT PRINCESS OLIVIA DOLL,FELTCRAFT,2
22826,LOVE SEAT ANTIQUE WHITE METAL,LOVE,2
22832,BROCANTE SHELF WITH HOOKS,BROCANTE,2
22800,ANTIQUE TALL SWIRLGLASS TRINKET POT,ANTIQUE,2
22797,CHEST OF DRAWERS GINGHAM HEART ,CHEST,2
21754,HOME BUILDING BLOCK WORD,HOME,2
21844,RED RETROSPOT MUG,RED,2
21761,damaged,damaged,2
22949,SET OF 36 DOLLY GIRL PAPER DOILIES,SET,2
23456,MEDIUM PARLOUR PICTURE FRAME ,MEDIUM,2
23454,THREE MINI HANGING FRAMES,THREE,2
22912,YELLOW COAT RACK PARIS FASHION,YELLOW,2
22804,CANDLEHOLDER PINK HANGING HEART,CANDLEHOLDER,2
22772,PINK DRAWER KNOB ACRYLIC EDWARDIAN,PINK,2
21408,SPOTTY PINK DUCK DOORSTOP,SPOTTY,2
22061,LARGE CAKE STAND  HANGING STRAWBERY,LARGE,2
48185,DOORMAT FAIRY CAKE,DOORMAT,2
51008,AFGHAN SLIPPER SOCK PAIR,AFGHAN,2
21972,SET OF 36 DINOSAUR PAPER DOILIES,SET,2
21926,RED/CREAM STRIPE CUSHION COVER ,RED/CREAM,2
21913,VINTAGE SEASIDE JIGSAW PUZZLES,VINTAGE,2
22690,DOORMAT HOME SWEET HOME BLUE ,DOORMAT,2
22689,DOORMAT MERRY CHRISTMAS RED ,DOORMAT,2
21932,SCANDINAVIAN PAISLEY PICNIC BAG,SCANDINAVIAN,2
21888,BINGO SET,BINGO,2
22969,HOMEMADE JAM SCENTED CANDLES,HOMEMADE,2
21539,RED RETROSPOT BUTTER DISH,RED,2
84876D,damaged,damaged,2
22968,ROSE COTTAGE KEEPSAKE BOX ,ROSE,2
21889,WOODEN BOX OF DOMINOES,WOODEN,2
37343,damaged,damaged,2
22489,PACK OF 12 TRADITIONAL CRAYONS,PACK,2
22486,PLASMATRONIC LAMP,PLASMATRONIC,2
22620,4 TRADITIONAL SPINNING TOPS,4,2
22505,MEMO BOARD COTTAGE DESIGN,MEMO,2
22630,DOLLY GIRL LUNCH BOX,DOLLY,2
84687,BEACH HUT SHELF W 3 DRAWERS,BEACH,2
84616,SILVER ROCCOCO CHANDELIER,SILVER,2
84609,TALL ROCOCO CANDLE HOLDER,TALL,2
22603,CHRISTMAS RETROSPOT TREE WOOD,CHRISTMAS,2
78033,FLAG OF ST GEORGE CHAIR,FLAG,2
21385,IVORY HANGING DECORATION  HEART,IVORY,2
23428,IVORY RETRO KITCHEN WALL CLOCK,IVORY,2
23427,damaged,damaged,2
23427,STOOL HOME SWEET HOME ,STOOL,2
23412,HEART MIRROR ANTIQUE WHITE,HEART,2
23024,LARGE BONNE JAM JAR  T-LIGHT HOLDER,LARGE,2
22141,CHRISTMAS CRAFT TREE TOP ANGEL,CHRISTMAS,2
22606,WOODEN SKITTLES GARDEN SET,WOODEN,2
22110,BIRD HOUSE HOT WATER BOTTLE,BIRD,2
85061W,WHITE JEWELLED HEART DECORATION,WHITE,2
85183A,CHARLIE & LOLA WASTEPAPER BIN BLUE,CHARLIE,2
47594A,CAROUSEL DESIGN WASHBAG,CAROUSEL,2
47567B,TEA TIME KITCHEN APRON,TEA,2
22526,WHEELBARROW FOR CHILDREN ,WHEELBARROW,2
85114B,IVORY ENCHANTED FOREST PLACEMAT,IVORY,2
21262,WHITE GOOSE FEATHER CHRISTMAS TREE ,WHITE,2
23400,SHELF WITH 4 HOOKS HOME SWEET HOME,SHELF,2
85160B,BLACK BIRD GARDEN DESIGN MUG,BLACK,2
21263,GREEN GOOSE FEATHER TREE 60CM,GREEN,2
21340,CLASSIC METAL BIRDCAGE PLANT HOLDER,CLASSIC,2
22583,PACK OF 6 HANDBAG GIFT BOXES,PACK,2
22534,MAGIC DRAWING SLATE SPACEBOY ,MAGIC,2
90050,CRACKED GLAZE NECKLACE IVORY,CRACKED,2
22312,OFFICE MUG WARMER POLKADOT,OFFICE,2
22314,OFFICE MUG WARMER CHOC+BLUE,OFFICE,2
22515,CHILDS GARDEN SPADE PINK,CHILDS,2
22461,SAVOY ART DECO CLOCK,SAVOY,2
22412,METAL SIGN NEIGHBOURHOOD WITCH ,METAL,2
85088,CANDY SPOT HAND BAG,CANDY,2
22192,BLUE DINER WALL CLOCK,BLUE,2
72802A,ROSE SCENT CANDLE IN JEWELLED BOX,ROSE,2
23177,TREASURE ISLAND BOOK BOX,TREASURE,2
23196,VINTAGE LEAF MAGNETIC NOTEPAD,VINTAGE,2
23093,SMALL PARISIENNE HEART PHOTO FRAME ,SMALL,2
23389,SPACEBOY MINI BACKPACK,SPACEBOY,2
23122,PARTY CHARMS 50 PIECES,PARTY,2
23184,BULL DOG BOTTLE OPENER,BULL,2
22180,RETROSPOT LAMP,RETROSPOT,2
17129F,BLUE GLASS GEMS IN BAG,BLUE,2
21217,RED RETROSPOT ROUND CAKE TINS,RED,2
22244,3 HOOK HANGER MAGIC GARDEN,3,2
22224,WHITE LOVEBIRD LANTERN,WHITE,2
22278,OVERNIGHT BAG VINTAGE ROSE PAISLEY,OVERNIGHT,2
22271,FELTCRAFT DOLL ROSIE,FELTCRAFT,2
22219,LOVEBIRD HANGING DECORATION WHITE ,LOVEBIRD,2
22212,FOUR HOOK  WHITE LOVEBIRDS,FOUR,2
15056P,EDWARDIAN PARASOL PINK,EDWARDIAN,2
22270,HAPPY EASTER HANGING DECORATION,HAPPY,2
90192,JADE DROP EARRINGS W FILIGREE,JADE,2
90148,LONG SILVER NECKLACE PASTEL FLOWER,LONG,2
22327,ROUND SNACK BOXES SET OF 4 SKULLS,ROUND,2
90143,SILVER BRACELET W PASTEL FLOWER,SILVER,2
23285,PINK VINTAGE SPOT BEAKER,PINK,2
23299,FOOD COVER WITH BEADS SET 2 ,FOOD,2
23312,VINTAGE CHRISTMAS GIFT SACK,VINTAGE,1
23314,VINTAGE CHRISTMAS TABLECLOTH,VINTAGE,1
23264,SET OF 3 WOODEN SLEIGH DECORATIONS,SET,1
23342,MINT DINER WALL CLOCK,MINT,1
23244,ROUND STORAGE TIN VINTAGE LEAF,ROUND,1
20981,12 PENCILS TALL TUBE WOODLAND,12,1
20982,12 PENCILS TALL TUBE SKULLS,12,1
20752,BLUE POLKADOT WASHING UP GLOVES,BLUE,1
20795,LARGE BLUE PROVENCAL CERAMIC BALL,LARGE,1
90162B,ANT SILVER LIME GREEN BOUDICCA RING,ANT,1
90176A,CLASSIC DIAMANTE NECKLACE JET,CLASSIC,1
90176D,DIAMANTE NECKLACE PURPLE,DIAMANTE,1
22320,BIRDS MOBILE VINTAGE DESIGN,BIRDS,1
22321,BIRD DECORATION RED RETROSPOT,BIRD,1
22329,ROUND CONTAINER SET OF 5 RETROSPOT,ROUND,1
22331,WOODLAND PARTY BAG + STICKER SET,WOODLAND,1
15044D,RED PAPER PARASOL,RED,1
15058A,BLUE POLKADOT GARDEN PARASOL,BLUE,1
22282,12 EGG HOUSE PAINTED WOOD,12,1
22296,HEART IVORY TRELLIS LARGE,HEART,1
22208,WOOD STAMP SET THANK YOU,WOOD,1
22221,CAKE STAND LOVEBIRD 2 TIER PINK,CAKE,1
22262,FELT EGG COSY CHICKEN,FELT,1
22182,CAKE STAND VICTORIAN FILIGREE SMALL,CAKE,1
22405,MONEY BOX POCKET MONEY DESIGN,MONEY,1
22409,MONEY BOX BISCUITS DESIGN,MONEY,1
22350,ILLUSTRATED CAT BOWL ,ILLUSTRATED,1
22354,RETROSPOT PADDED SEAT CUSHION,RETROSPOT,1
22358,KINGS CHOICE TEA CADDY ,KINGS,1
85174,S/4 CACTI CANDLES,S/4,1
85176,SEWING SUSAN 21 NEEDLE SET,SEWING,1
85204,HANGING WOOD AND FELT FLOWER,HANGING,1
22441,GROW YOUR OWN BASIL IN ENAMEL MUG,GROW,1
22452,MEASURING TAPE BABUSHKA PINK,MEASURING,1
22460,EMBOSSED GLASS TEALIGHT HOLDER,EMBOSSED,1
22477,WATERING CAN GARDEN MARKER,WATERING,1
22414,DOORMAT NEIGHBOURHOOD WITCH ,DOORMAT,1
22377,BOTTLE BAG RETROSPOT ,BOTTLE,1
22378,WALL TIDY RETROSPOT ,WALL,1
22187,GREEN CHRISTMAS TREE CARD HOLDER,GREEN,1
22193,RED DINER WALL CLOCK,RED,1
22201,FRYING PAN BLUE POLKADOT,FRYING,1
72351B,SET/6 PINK  BUTTERFLY T-LIGHTS,SET/6,1
22151,PLACE SETTING WHITE HEART,PLACE,1
22578,WOODEN STAR CHRISTMAS SCANDINAVIAN,WOODEN,1
22563,HAPPY STENCIL CRAFT,HAPPY,1
22567,20 DOLLY PEGS RETROSPOT,20,1
84929,ASSTD FRUIT+FLOWERS FRIDGE MAGNETS,ASSTD,1
84950,ASSORTED COLOUR T-LIGHT HOLDER,ASSORTED,1
22584,PACK OF 6 PANNETONE GIFT BOXES,PACK,1
22592,CARDHOLDER HOLLY WREATH METAL,CARDHOLDER,1
22594,CHRISTMAS GINGHAM TREE,CHRISTMAS,1
84347,ROTATING SILVER ANGELS T-LIGHT HLDR,ROTATING,1
22691,DOORMAT WELCOME SUNRISE,DOORMAT,1
22650,CERAMIC PIRATE CHEST MONEY BANK,CERAMIC,1
79163,damaged,damaged,1
22607,WOODEN ROUNDERS GARDEN SET ,WOODEN,1
22119,PEACE WOODEN BLOCK LETTERS,PEACE,1
22130,PARTY CONE CHRISTMAS DECORATION ,PARTY,1
22107,PIZZA PLATE IN BOX,PIZZA,1
72803A,ROSE SCENT CANDLE JEWELLED DRAWER,ROSE,1
72807A,SET/3 ROSE CANDLE IN JEWELLED BOX,SET/3,1
22722,SET OF 6 SPICE TINS PANTRY DESIGN,SET,1
22723,SET OF 6 HERB TINS SKETCHBOOK,SET,1
48116,DOORMAT MULTICOLOUR STRIPE,DOORMAT,1
48129,DOORMAT TOPIARY,DOORMAT,1
48188,DOORMAT WELCOME PUPPIES,DOORMAT,1
22681,FRENCH BLUE METAL DOOR SIGN 6,FRENCH,1
22072,RED RETROSPOT TEA CUP AND SAUCER ,RED,1
21982,PACK OF 12 SUKI TISSUES ,PACK,1
21933,PINK VINTAGE PAISLEY PICNIC BAG,PINK,1
21973,SET OF 36 MUSHROOM PAPER DOILIES,SET,1
79066K,RETRO MOD TRAY,RETRO,1
21874,GIN AND TONIC MUG,GIN,1
21890,S/6 WOODEN SKITTLES IN COTTON BAG,S/6,1
22770,MIRROR CORNICE,MIRROR,1
22791,T-LIGHT GLASS FLUTED ANTIQUE,T-LIGHT,1
22794,SWEETHEART WIRE MAGAZINE RACK,SWEETHEART,1
35961,FOLKART ZINC HEART CHRISTMAS DEC,FOLKART,1
47422,ASSORTED MONKEY SUCTION CUP HOOK,ASSORTED,1
22824,3 TIER SWEETHEART GARDEN SHELF,3,1
22827,RUSTIC  SEVENTEEN DRAWER SIDEBOARD,RUSTIC,1
22841,ROUND CAKE TIN VINTAGE GREEN,ROUND,1
22843,BISCUIT TIN VINTAGE GREEN,BISCUIT,1
23630,SET 10 CARDS HANGING BAUBLES 17080,SET,1
35923,CANDY HEART HANGING DECORATION,CANDY,1
21892,TRADITIONAL WOODEN CATCH CUP GAME ,TRADITIONAL,1
21822,GLITTER CHRISTMAS TREE WITH BELLS,GLITTER,1
21833,CAMOUFLAGE LED TORCH,CAMOUFLAGE,1
21790,VINTAGE SNAP CARDS,VINTAGE,1
21794,CLASSIC FRENCH STYLE BASKET NATURAL,CLASSIC,1
84030E,ENGLISH ROSE HOT WATER BOTTLE,ENGLISH,1
84078A,SET/4 WHITE RETRO STORAGE CUBES ,SET/4,1
84086B,YELLOW/BLUE RETRO RADIO,YELLOW/BLUE,1
23535,WALL ART BICYCLE SAFETY,WALL,1
23544,WALL ART MID CENTURY MODERN ,WALL,1
23556,LANDMARK FRAME COVENT GARDEN ,LANDMARK,1
23567,EGG CUP HENRIETTA HEN PINK,EGG,1
23568,EGG CUP HENRIETTA HEN CREAM ,EGG,1
23574,PACKING CHARGE,PACKING,1
21705,BAG 500g SWIRLY MARBLES,BAG,1
21718,RED METAL BEACH SPADE ,RED,1
21722,SWEET PUDDING STICKER SHEET,SWEET,1
21623,VINTAGE UNION JACK MEMOBOARD,VINTAGE,1
84535B,FAIRY CAKES NOTEBOOK A6 SIZE,FAIRY,1
84659A,WHITE TRAVEL ALARM CLOCK,WHITE,1
84660A,WHITE STITCHED WALL CLOCK,WHITE,1
84663A,GRASS HOPPER WOODEN WALL CLOCK ,GRASS,1
22973,CHILDREN'S CIRCUS PARADE MUG,CHILDREN'S,1
22950,SET OF 36 VINTAGE CHRISTMAS DOILIES,SET,1
22954,HEN PARTY CORDON BARRIER TAPE,HEN,1
23491,VINTAGE JINGLE BELLS HEART,VINTAGE,1
22913,RED COAT RACK PARIS FASHION,RED,1
22914,BLUE COAT RACK PARIS FASHION,BLUE,1
22999,TRAVEL CARD WALLET VINTAGE LEAF,TRAVEL,1
23452,HEART MINI PORTRAIT FRAME,HEART,1
23466,TUSCAN VILLA DOVECOTE BIRD FEEDER,TUSCAN,1
22965,3 TRADITIONAl BISCUIT CUTTERS  SET,3,1
21537,RED RETROSPOT PUDDING BOWL,RED,1
21561,DINOSAUR LUNCH BOX WITH CUTLERY,DINOSAUR,1
21588,RETROSPOT GIANT TUBE MATCHES,RETROSPOT,1
84968C,SET OF 16 VINTAGE PISTACHIO CUTLERY,SET,1
85014B,RED RETROSPOT UMBRELLA,RED,1
85032D,damaged,damaged,1
21469,POLKA DOT RAFFIA FOOD COVER,POLKA,1
21523,DOORMAT FANCY FONT HOME SWEET HOME,DOORMAT,1
23028,DRAWER KNOB CRACKLE GLAZE BLUE,DRAWER,1
23419,HOME SWEET HOME BOTTLE ,HOME,1
23424,GINGHAM RECIPE BOOK BOX,GINGHAM,1
22995,TRAVEL CARD WALLET SUKI,TRAVEL,1
21528,DAIRY MAID TRADITIONAL TEAPOT ,DAIRY,1
21381,MINI WOODEN HAPPY BIRTHDAY GARLAND,MINI,1
21407,BROWN CHECK CAT DOORSTOP ,BROWN,1
21459,YELLOW EASTER EGG HUNT START POST,YELLOW,1
21461,BLUE EASTER EGG HUNT START POST,BLUE,1
85035A,GARDENIA 3 WICK MORRIS BOXED CANDLE,GARDENIA,1
85036A,GARDENIA 1 WICK MORRIS BOXED CANDLE,GARDENIA,1
85039C,S/4 BLACK MINI ROSE CANDLE IN BOWL,S/4,1
23117,POPPY FIELDS CHOPPING BOARD,POPPY,1
23065,LARGE DECO JEWELLERY STAND,LARGE,1
23081,GREEN METAL BOX ARMY SUPPLIES,GREEN,1
23051,RECYCLED ACAPULCO MAT BLUE,RECYCLED,1
23398,HANGING HEART BONHEUR,HANGING,1
23405,HOME SWEET HOME 2 DRAWER CABINET,HOME,1
23410,CURIO CABINET LINEN AND LACE ,CURIO,1
23411, TRELLIS COAT RACK,TRELLIS,1
23010,CIRCUS PARADE BABY GIFT SET,CIRCUS,1
21317,GLASS SPHERE CANDLE STAND MEDIUM,GLASS,1
21363,HOME SMALL WOOD LETTERS,HOME,1
85159A,"BLACK TEA,COFFEE,SUGAR JARS",BLACK,1
85163B,BLACK BAROQUE WALL CLOCK ,BLACK,1
85185B,PINK HORSE SOCK PUPPET KIT,PINK,1
85199L,LARGE HANGING IVORY & RED WOOD BIRD,LARGE,1
21239,PINK  POLKADOT CUP,PINK,1
23133,LARGE IVORY HEART WALL ORGANISER,LARGE,1
23145,ZINC T-LIGHT HOLDER STAR LARGE,ZINC,1
23147,SINGLE ANTIQUE ROSE HOOK IVORY,SINGLE,1
23370,SET 36 COLOURING PENCILS DOILY,SET,1
23375,50'S CHRISTMAS PAPER GIFT BAG,50'S,1
23390,DOLLY GIRL MINI BACKPACK,DOLLY,1
23091,ZINC HERB GARDEN CONTAINER,ZINC,1
23100,SILVER BELLS TABLE DECORATION,SILVER,1
23189,SET OF 12 FORK CANDLES,SET,1
23191,BUNDLE OF 3 RETRO NOTE BOOKS,BUNDLE,1
23181,BULL DOG BOTTLE TOP WALL CLOCK,BULL,1
23182,TOILET SIGN OCCUPIED OR VACANT,TOILET,1
23188,VINTAGE  2 METRE FOLDING RULER,VINTAGE,1
23164,REGENCY CAKE SLICE,REGENCY,1
21169,YOU'RE CONFUSING ME METAL SIGN ,YOU'RE,1
21172,PARTY METAL SIGN ,PARTY,1
21201,TROPICAL  HONEYCOMB PAPER GARLAND ,TROPICAL,1
90018A,SILVER M.O.P ORBIT DROP EARRINGS,SILVER,1
90018C,SILVER BLACK ORBIT DROP EARRINGS,SILVER,1
21125,SET 6 FOOTBALL CELEBRATION CANDLES,SET,1
21154,RED RETROSPOT OVEN GLOVE ,RED,1
20707,CRAZY DAISY HEART DECORATION,CRAZY,1
10135,COLOURING PENCILS BROWN TUBE,COLOURING,1
